USE master
CREATE DATABASE QLMT
GO
USE QLMT
CREATE TABLE KHACHHANG
(
	MAKH INT IDENTITY(1,1),
	TENKH NVARCHAR(30),
	DIACHI NVARCHAR(30),
	GIOITINH NCHAR(5),
	TENDN CHAR(20),
	MATKHAU CHAR(20),
	PRIMARY KEY(MAKH)
)
INSERT INTO KHACHHANG(TENKH, DIACHI, GIOITINH, TENDN, MATKHAU)
VALUES(N'Nguyễn Văn An',N'TP HCM',N'Nam','nguyenvanan','123')

INSERT INTO KHACHHANG(TENKH, DIACHI, GIOITINH, TENDN, MATKHAU)
VALUES(N'Lê Văn Khá',N'An Giang',N'Nam','kha','456')

INSERT INTO KHACHHANG(TENKH, DIACHI, GIOITINH, TENDN, MATKHAU)
VALUES(N'Nguyễn Cẩm Tú',N'Tây Ninh',N'Nữ','tu','789')

INSERT INTO KHACHHANG(TENKH, DIACHI, GIOITINH, TENDN, MATKHAU)
VALUES(N'Trần Văn Tốt',N'Bình Dương',N'Nam','tot','123')

INSERT INTO KHACHHANG(TENKH, DIACHI, GIOITINH, TENDN, MATKHAU)
VALUES(N'Nguyễn Văn Nam',N'Long An',N'Nam','nam','234')
CREATE TABLE LOAI
(
	MALOAI INT,
	TENLOAI NVARCHAR(50)
	PRIMARY KEY(MALOAI)
)
INSERT INTO LOAI VALUES(1,N'LapTop')
INSERT INTO LOAI VALUES(2,N'PC')
INSERT INTO LOAI VALUES(3,N'Màn hình')
INSERT INTO LOAI VALUES(4,N'Mainboard')
INSERT INTO LOAI VALUES(5,N'Thiết bị lưu trữ')
INSERT INTO LOAI VALUES('6',N'Chuột - Bàn phím')
SELECT * FROM LOAI
CREATE TABLE SANPHAM
(
	MASP INT,
	TENSP NVARCHAR(50),
	DONGIA FLOAT,
	HINHANH NVARCHAR(30),
	MALOAI INT,
	PRIMARY KEY(MASP)
)
ALTER TABLE SANPHAM
ADD CONSTRAINT FK_SP_LOAI FOREIGN KEY(MALOAI) REFERENCES LOAI(MALOAI)

INSERT INTO SANPHAM VALUES(1,N'Laptop Apple Macbook Pro',31700000,N'lt01.PNG',1)
INSERT INTO SANPHAM VALUES(2,N'Laptop Apple Macbook Air',23890000,N'lt02.PNG',1)
INSERT INTO SANPHAM VALUES(3,N'Laptop ASUS TUF Gaming',28490000,N'lt03.PNG',1)
INSERT INTO SANPHAM VALUES(4,N'Laptop MSI GL63',3990000,N'lt04.PNG',1)
INSERT INTO SANPHAM VALUES(5,'Laptop MSI GT83',129999000,N'lt05.PNG',1)
INSERT INTO SANPHAM VALUES(6,N'Laptop ASUS ZenBook',38490000,N'lt06.PNG',1)
INSERT INTO SANPHAM VALUES(7,N'Laptop Dell Inspiron3476-8J61P1',10999000,N'lt07.PNG',1)
INSERT INTO SANPHAM VALUES(8,N'Laptop Dell Inspiron 3476-86J61p11',11990000,N'lt08.PNG',1)

INSERT INTO SANPHAM VALUES(9,N'PC Dell Vostro V3670A MT',16890000,N'pc01.PNG',2)
INSERT INTO SANPHAM VALUES(10,N'PC Dell Optiplex 3060',8990000,N'pc02.PNG',2)
INSERT INTO SANPHAM VALUES(11,N'PC ASUS D540SA',10999000,N'pc03.PNG',2)
INSERT INTO SANPHAM VALUES(12,N'PC Acer Aspire XC-885',8490000,N'pc04.PNG',2)
INSERT INTO SANPHAM VALUES(13,N'PC HP 280 G3',9690000,N'pc05.PNG',2)
INSERT INTO SANPHAM VALUES(14,N'PC Dell Inspiron 3470',13190000,N'pc06.PNG',2)
INSERT INTO SANPHAM VALUES(15,N'PC HP ProDesk 400 G5 MT',17990000,N'pc07.PNG',2)
INSERT INTO SANPHAM VALUES(16,N'PC HP Pavilion',20390000,N'pc08.PNG',2)

INSERT INTO SANPHAM VALUES(17,N'Màn hình cong Samsung 32"',8189000,N'mh01.PNG',3)
INSERT INTO SANPHAM VALUES(18,N'Màn hình ViewSonic 24" VA2403-H', 2699000,N'mh02.PNG',3)
INSERT INTO SANPHAM VALUES(19,N'Màn hình cong Samsung 34"',28989000,N'mh03.PNG',3)
INSERT INTO SANPHAM VALUES(20,N'Màn hình cong MSI Optix 27"',7300000,N'mh04.PNG',3)
INSERT INTO SANPHAM VALUES(21,N'Màn hình cong LG 34"',13500000,N'mh05.PNG',3)
INSERT INTO SANPHAM VALUES(22,N'Màn hình Dell Ultrasharp 24"',5690000,N'mh06.PNG',3)
INSERT INTO SANPHAM VALUES(23,N'Màn hình ASUS 31.5"',9190000,N'mh07.PNG',3)
INSERT INTO SANPHAM VALUES(24,N'Màn hình cong ASUS 34"',29990000,N'mh08.PNG',3)

INSERT INTO SANPHAM VALUES(25,N'Mainboard ASUS PRIME',1580000,N'mb01.PNG',4)
INSERT INTO SANPHAM VALUES(26,N'Mainboard ASRock',1439000,N'mb02.PNG',4)
INSERT INTO SANPHAM VALUES(27,N'Mainboard GIGABYTE B360M',2250000,N'mb03.PNG',4)
INSERT INTO SANPHAM VALUES(28,N'Mainboard MSI H110M PRO-VD PLUS',1400000,N'mb04.PNG',4)
INSERT INTO SANPHAM VALUES(29,N'Mainboard GIGABYTE GA-H110M-DS2',1490000,N'mb05.PNG',4)
INSERT INTO SANPHAM VALUES(30,N'Mainboard GIGABYTE B450 AORUS PRO',3190000,N'mb06.PNG',4)
INSERT INTO SANPHAM VALUES(31,N'Mainboard GIGABYTE B450M DS3H',1890000,N'mb07.PNG',4)
INSERT INTO SANPHAM VALUES(32,N'Mainboard MSI B450M BAZOOKA PLUS',2390000,N'mb08.PNG',4)

INSERT INTO SANPHAM VALUES(33,N'Ổ cứng di động SSD Western 256GB',2500000,N'tb01.PNG',5)
INSERT INTO SANPHAM VALUES(34,N'Ổ cứng SSD Western Digital Blue 250GB',1290000,N'tb02.PNG',5)
INSERT INTO SANPHAM VALUES(35,N'Ổ cứng HDD Western Digital Black 4TB',52000000,N'tb03.PNG',5)
INSERT INTO SANPHAM VALUES(36,N'Ổ cứng di động HDD Seagate 3TB',3290000,N'tb04.PNG',5)
INSERT INTO SANPHAM VALUES(37,N'USB Sandisk 32GB IXpand IX40',732000,N'tb05.PNG',5)
INSERT INTO SANPHAM VALUES(38,N'USB SanDisk 64GB',286000,N'tb06.PNG',5)
INSERT INTO SANPHAM VALUES(39,N'USB 64GB SanDisk (SDCZ71-B35)',315000,N'tb07.PNG',5)
INSERT INTO SANPHAM VALUES(40,N'USB 64GB Transcend JF700',354000,N'tb08.PNG',5)

INSERT INTO SANPHAM VALUES(41,N'Chuột chơi game E-Blue Cobra',200000,N'c01.PNG',6)
INSERT INTO SANPHAM VALUES(42,N'Chuột máy tính A4TECH A70',489000,N'c02.PNG',6)
INSERT INTO SANPHAM VALUES(43,N'Chuột máy tính A4TECH P81',539000,N'c03.PNG',6)
INSERT INTO SANPHAM VALUES(44,N'Chuột chơi game SteelSeries Rival 600',2090000,N'c04.PNG',6)
INSERT INTO SANPHAM VALUES(45,N'Bàn phím cơ Razer BW',3390000,N'c05.PNG',6)
INSERT INTO SANPHAM VALUES(46,N'Bàn phím cơ Redragion Dark Avenger',830000,N'c06.PNG',6)
INSERT INTO SANPHAM VALUES(47,N'Bàn phím cơ Redragon Kumaru',1050000,N'c07.PNG',6)
INSERT INTO SANPHAM VALUES(48,N'Bàn phím cơ Fulhen Destroyer',899000,N'c08.PNG',6)
SELECT * FROM SANPHAM

CREATE TABLE HOADON
(
	MAHD INT,
	NGAYLAP DATE,
	MAKH INT,
	PRIMARY KEY(MAHD)
)
ALTER TABLE HOADON
ADD CONSTRAINT FK_HD_KH FOREIGN KEY(MAKH) REFERENCES KHACHHANG(MAKH)

CREATE TABLE CHITIETHD
(
	MAHD INT,
	MASP INT,
	SOLUONG INT,
	PRIMARY KEY(MAHD, MASP)
)
ALTER TABLE CHITIETHD
ADD CONSTRAINT FK_CT_SP FOREIGN KEY(MASP) REFERENCES SANPHAM(MASP),
	CONSTRAINT FK_CT_HD FOREIGN KEY(MAHD) REFERENCES HOADON(MAHD)

